<elements>
  <namespace ns="">
    <summary>To be added.</summary>
    <remarks>To be added.</remarks>
  </namespace>
  <namespace ns="SharpShowcaseView.Actionbar.Reflection">
    <summary>To be added.</summary>
    <remarks>To be added.</remarks>
  </namespace>
  <namespace ns="SharpShowcaseView.Actionbar">
    <summary>To be added.</summary>
    <remarks>To be added.</remarks>
  </namespace>
  <namespace ns="SharpShowcaseView.Animation">
    <summary>To be added.</summary>
    <remarks>To be added.</remarks>
  </namespace>
  <namespace ns="SharpShowcaseView.Drawing">
    <summary>To be added.</summary>
    <remarks>To be added.</remarks>
  </namespace>
  <namespace ns="SharpShowcaseView.Targets">
    <summary>To be added.</summary>
    <remarks>To be added.</remarks>
  </namespace>
  <namespace ns="SharpShowcaseView.Utils">
    <summary>To be added.</summary>
    <remarks>To be added.</remarks>
  </namespace>
  <namespace ns="SharpShowcaseView">
    <summary>To be added.</summary>
    <remarks>To be added.</remarks>
  </namespace>
</elements>